{"cameraMode":{"drawMode":0,"name":"Shaded","section":"Shading Mode"},"sceneLighting":true,"audioPlay":false,"sceneViewState":{"m_AlwaysRefresh":false,"showFog":true,"showSkybox":true,"showFlares":true,"showImageEffects":true,"showParticleSystems":true,"showVisualEffectGraphs":true,"m_FxEnabled":true},"in2DMode":false,"pivot":{"x":26.40914535522461,"y":0.45084595680236819,"z":0.03044724464416504},"rotation":{"x":0.5746345520019531,"y":0.018914753571152688,"z":-0.01329844817519188,"w":0.8181443810462952},"size":5.9260969161987309,"orthographic":false}