{"cameraMode":{"drawMode":0,"name":"Shaded","section":"Shading Mode"},"sceneLighting":true,"audioPlay":false,"sceneViewState":{"m_AlwaysRefresh":false,"showFog":true,"showSkybox":true,"showFlares":true,"showImageEffects":true,"showParticleSystems":true,"showVisualEffectGraphs":true,"m_FxEnabled":true},"in2DMode":false,"pivot":{"x":3.555217981338501,"y":1.5138351917266846,"z":-0.16672539710998536},"rotation":{"x":0.11343570053577423,"y":0.8328191041946411,"z":-0.18565645813941956,"w":0.5090985894203186},"size":4.887908935546875,"orthographic":false}